﻿{"cameraMode":{"drawMode":0,"name":"Shaded","section":"Shading Mode"},"sceneLighting":false,"audioPlay":false,"sceneViewState":{"showFog":true,"showMaterialUpdate":false,"showSkybox":true,"showFlares":true,"showImageEffects":true,"showParticleSystems":true},"in2DMode":false,"pivot":{"x":-4.668298721313477,"y":3.065258502960205,"z":-17.035512924194337},"rotation":{"x":-0.00031043533817864954,"y":0.011097070761024952,"z":-0.000003575888968043728,"w":-0.999938428401947},"size":6.644482612609863,"orthographic":false}