﻿{"cameraMode":{"drawMode":0,"name":"Shaded","section":"Shading Mode"},"sceneLighting":false,"audioPlay":false,"sceneViewState":{"showFog":true,"showMaterialUpdate":false,"showSkybox":true,"showFlares":true,"showImageEffects":true,"showParticleSystems":true},"in2DMode":false,"pivot":{"x":-3.9071578979492189,"y":1.5167245864868165,"z":-17.555017471313478},"rotation":{"x":-0.00031043533817864954,"y":0.011097070761024952,"z":-0.000003575888968043728,"w":-0.999938428401947},"size":5.228182792663574,"orthographic":false}