﻿{"cameraMode":{"drawMode":0,"name":"Shaded","section":"Shading Mode"},"sceneLighting":false,"audioPlay":false,"sceneViewState":{"showFog":true,"showMaterialUpdate":false,"showSkybox":true,"showFlares":true,"showImageEffects":true,"showParticleSystems":true},"in2DMode":false,"pivot":{"x":-7.169705390930176,"y":4.585450172424316,"z":-12.754804611206055},"rotation":{"x":-0.00031043533817864954,"y":0.011097070761024952,"z":-0.000003575888968043728,"w":-0.999938428401947},"size":6.443456649780273,"orthographic":false}